province,year,track,batch,university,major,major_group_code,plan_name,plan_count,subject_requirement,required_subjects,one_of_subjects,preferred_subjects,forbidden_subjects,tuition,duration_years,campus_name,is_new_program,is_cooperative_program,is_targeted_program,notes
广东,2026,物理,本科批,华南理工大学,工科试验班（骐骥班）（含计算机科学与技术（等普通类理工科专业））,1,工科试验班（骐骥班）（含计算机科学与技术（等普通类理工科专业））,35,物理+化学,物理|化学,,,,6850,4,,0,0,0,官方招生计划查询：https://admission.scut.edu.cn/30820/list.htm;查询范围：广东 / 2026 / 理工/物理类 / 普通类;学费依据：https://admission.scut.edu.cn/2026/0528/c30824a628133/page.htm;理工外语体育类专业收费标准为 6850 元/生·学年
广东,2026,物理,本科批,华南理工大学,工科试验班（AI先进技术拔尖班）（含计算机科学与技术（拔尖基地班）、信息工程（拔尖班）、自动化（拔尖班））,1,工科试验班（AI先进技术拔尖班）（含计算机科学与技术（拔尖基地班）、信息工程（拔尖班）、自动化（拔尖班））,92,物理+化学,物理|化学,,,,6850,4,,0,0,0,官方招生计划查询：https://admission.scut.edu.cn/30820/list.htm;查询范围：广东 / 2026 / 理工/物理类 / 普通类;学费依据：https://admission.scut.edu.cn/2026/0528/c30824a628133/page.htm;理工外语体育类专业收费标准为 6850 元/生·学年
广东,2026,物理,本科批,华南理工大学,工科试验班（卓越人才班）（含电气工程及其自动化（卓越班）、能源与动力工程（低碳与智慧能源卓越班）、软件工程（卓越班）、软件工程（工软卓越班）、电子科学与技术（卓越班）、食品科学与工程（未来食品卓越班））,1,工科试验班（卓越人才班）（含电气工程及其自动化（卓越班）、能源与动力工程（低碳与智慧能源卓越班）、软件工程（卓越班）、软件工程（工软卓越班）、电子科学与技术（卓越班）、食品科学与工程（未来食品卓越班））,140,物理+化学,物理|化学,,,,6850,4,,0,0,0,官方招生计划查询：https://admission.scut.edu.cn/30820/list.htm;查询范围：广东 / 2026 / 理工/物理类 / 普通类;学费依据：https://admission.scut.edu.cn/2026/0528/c30824a628133/page.htm;理工外语体育类专业收费标准为 6850 元/生·学年
广东,2026,物理,本科批,华南理工大学,工科试验班（院士特色班）（含机械类（院士特色班）、材料类（院士特色班）、建筑类（院士特色班）、智能建造（院士特色班））,1,工科试验班（院士特色班）（含机械类（院士特色班）、材料类（院士特色班）、建筑类（院士特色班）、智能建造（院士特色班））,99,物理+化学,物理|化学,,,,6850,4,,0,0,0,官方招生计划查询：https://admission.scut.edu.cn/30820/list.htm;查询范围：广东 / 2026 / 理工/物理类 / 普通类;学费依据：https://admission.scut.edu.cn/2026/0528/c30824a628133/page.htm;理工外语体育类专业收费标准为 6850 元/生·学年
广东,2026,物理,本科批,华南理工大学,工科试验班（理工交叉创新班）（含应用化学（拔尖基地班）、应用物理学（严济慈英才班）、工程力学（创新班））,1,工科试验班（理工交叉创新班）（含应用化学（拔尖基地班）、应用物理学（严济慈英才班）、工程力学（创新班））,60,物理+化学,物理|化学,,,,6850,4,,0,0,0,官方招生计划查询：https://admission.scut.edu.cn/30820/list.htm;查询范围：广东 / 2026 / 理工/物理类 / 普通类;学费依据：https://admission.scut.edu.cn/2026/0528/c30824a628133/page.htm;理工外语体育类专业收费标准为 6850 元/生·学年
广东,2026,物理,本科批,华南理工大学,自动化（“自动化+工商管理”双学士学位复合型人才培养项目）,2,自动化（“自动化+工商管理”双学士学位复合型人才培养项目）,25,物理+化学,物理|化学,,,,6850,4,,0,0,0,官方招生计划查询：https://admission.scut.edu.cn/30820/list.htm;查询范围：广东 / 2026 / 理工/物理类 / 普通类;学费依据：https://admission.scut.edu.cn/2026/0528/c30824a628133/page.htm;理工外语体育类专业收费标准为 6850 元/生·学年
广东,2026,物理,本科批,华南理工大学,电气工程及其自动化,2,电气工程及其自动化,235,物理+化学,物理|化学,,,,6850,4,,0,0,0,官方招生计划查询：https://admission.scut.edu.cn/30820/list.htm;查询范围：广东 / 2026 / 理工/物理类 / 普通类;学费依据：https://admission.scut.edu.cn/2026/0528/c30824a628133/page.htm;理工外语体育类专业收费标准为 6850 元/生·学年
广东,2026,物理,本科批,华南理工大学,物理学类（含应用物理学、光电信息科学与工程）,2,物理学类（含应用物理学、光电信息科学与工程）,87,物理+化学,物理|化学,,,,6850,4,,0,0,0,官方招生计划查询：https://admission.scut.edu.cn/30820/list.htm;查询范围：广东 / 2026 / 理工/物理类 / 普通类;学费依据：https://admission.scut.edu.cn/2026/0528/c30824a628133/page.htm;理工外语体育类专业收费标准为 6850 元/生·学年
广东,2026,物理,本科批,华南理工大学,软件工程,2,软件工程,177,物理+化学,物理|化学,,,,6850,4,,0,0,0,官方招生计划查询：https://admission.scut.edu.cn/30820/list.htm;查询范围：广东 / 2026 / 理工/物理类 / 普通类;学费依据：https://admission.scut.edu.cn/2026/0528/c30824a628133/page.htm;收费标准为 6850 元/生·学年；软件工程 3—4 年级为 16000 元/生·学年
广东,2026,物理,本科批,华南理工大学,金融科技,2,金融科技,32,物理+化学,物理|化学,,,,6060,4,,0,0,0,官方招生计划查询：https://admission.scut.edu.cn/30820/list.htm;查询范围：广东 / 2026 / 理工/物理类 / 普通类;学费依据：https://admission.scut.edu.cn/2026/0528/c30824a628133/page.htm;文科类专业收费标准按 6060 元/生·学年记录
广东,2026,物理,本科批,华南理工大学,工科试验班（生命科学与健康工程）（含食品科学与工程、食品质量与安全、生物工程、生物制药、生物技术）,2,工科试验班（生命科学与健康工程）（含食品科学与工程、食品质量与安全、生物工程、生物制药、生物技术）,90,物理+化学,物理|化学,,,,6850,4,,0,0,0,官方招生计划查询：https://admission.scut.edu.cn/30820/list.htm;查询范围：广东 / 2026 / 理工/物理类 / 普通类;学费依据：https://admission.scut.edu.cn/2026/0528/c30824a628133/page.htm;理工外语体育类专业收费标准为 6850 元/生·学年
广东,2026,物理,本科批,华南理工大学,工科试验班（智能交通与数字建造）（含智慧交通、智能建造、土木工程、水务工程、工程力学、船舶与海洋工程）,2,工科试验班（智能交通与数字建造）（含智慧交通、智能建造、土木工程、水务工程、工程力学、船舶与海洋工程）,90,物理+化学,物理|化学,,,,6850,4,,0,0,0,官方招生计划查询：https://admission.scut.edu.cn/30820/list.htm;查询范围：广东 / 2026 / 理工/物理类 / 普通类;学费依据：https://admission.scut.edu.cn/2026/0528/c30824a628133/page.htm;理工外语体育类专业收费标准为 6850 元/生·学年
广东,2026,物理,本科批,华南理工大学,食品科学与工程（“食品科学与工程+大数据管理与应用”双学士学位复合型人才培养项目）,2,食品科学与工程（“食品科学与工程+大数据管理与应用”双学士学位复合型人才培养项目）,12,物理+化学,物理|化学,,,,6060,4,,0,0,0,官方招生计划查询：https://admission.scut.edu.cn/30820/list.htm;查询范围：广东 / 2026 / 理工/物理类 / 普通类;学费依据：https://admission.scut.edu.cn/2026/0528/c30824a628133/page.htm;文科类专业收费标准按 6060 元/生·学年记录
广东,2026,物理,本科批,华南理工大学,工科试验班（AI与低空技术）（含智能科学与技术、低空技术与工程）,3,工科试验班（AI与低空技术）（含智能科学与技术、低空技术与工程）,110,物理+化学,物理|化学,,,,6850,4,,0,0,0,官方招生计划查询：https://admission.scut.edu.cn/30820/list.htm;查询范围：广东 / 2026 / 理工/物理类 / 普通类;学费依据：https://admission.scut.edu.cn/2026/0528/c30824a628133/page.htm;理工外语体育类专业收费标准为 6850 元/生·学年
广东,2026,物理,本科批,华南理工大学,自动化,3,自动化,110,物理+化学,物理|化学,,,,6850,4,,0,0,0,官方招生计划查询：https://admission.scut.edu.cn/30820/list.htm;查询范围：广东 / 2026 / 理工/物理类 / 普通类;学费依据：https://admission.scut.edu.cn/2026/0528/c30824a628133/page.htm;理工外语体育类专业收费标准为 6850 元/生·学年
广东,2026,物理,本科批,华南理工大学,信息工程,3,信息工程,170,物理+化学,物理|化学,,,,6850,4,,0,0,0,官方招生计划查询：https://admission.scut.edu.cn/30820/list.htm;查询范围：广东 / 2026 / 理工/物理类 / 普通类;学费依据：https://admission.scut.edu.cn/2026/0528/c30824a628133/page.htm;理工外语体育类专业收费标准为 6850 元/生·学年
广东,2026,物理,本科批,华南理工大学,能源与动力工程,3,能源与动力工程,50,物理+化学,物理|化学,,,,6850,4,,0,0,0,官方招生计划查询：https://admission.scut.edu.cn/30820/list.htm;查询范围：广东 / 2026 / 理工/物理类 / 普通类;学费依据：https://admission.scut.edu.cn/2026/0528/c30824a628133/page.htm;理工外语体育类专业收费标准为 6850 元/生·学年
广东,2026,物理,本科批,华南理工大学,工科试验班（先进材料）（含高分子材料与工程、材料科学与工程、功能材料、生物材料）,3,工科试验班（先进材料）（含高分子材料与工程、材料科学与工程、功能材料、生物材料）,225,物理+化学,物理|化学,,,,6850,4,,0,0,0,官方招生计划查询：https://admission.scut.edu.cn/30820/list.htm;查询范围：广东 / 2026 / 理工/物理类 / 普通类;学费依据：https://admission.scut.edu.cn/2026/0528/c30824a628133/page.htm;理工外语体育类专业收费标准为 6850 元/生·学年
广东,2026,物理,本科批,华南理工大学,临床医学类（含临床医学、医学影像学),3,临床医学类（含临床医学、医学影像学),25,物理+化学,物理|化学,,,,7660,4,,0,0,0,官方招生计划查询：https://admission.scut.edu.cn/30820/list.htm;查询范围：广东 / 2026 / 理工/物理类 / 普通类;学费依据：https://admission.scut.edu.cn/2026/0528/c30824a628133/page.htm;医学类专业收费标准为 7660 元/生·学年
广东,2026,物理,本科批,华南理工大学,工科试验班（智慧化工与低碳工程）（含应用化学、化学工程与工艺、能源化学工程、制药工程、轻化工程、环境工程）,3,工科试验班（智慧化工与低碳工程）（含应用化学、化学工程与工艺、能源化学工程、制药工程、轻化工程、环境工程）,120,物理+化学,物理|化学,,,,6850,4,,0,0,0,官方招生计划查询：https://admission.scut.edu.cn/30820/list.htm;查询范围：广东 / 2026 / 理工/物理类 / 普通类;学费依据：https://admission.scut.edu.cn/2026/0528/c30824a628133/page.htm;理工外语体育类专业收费标准为 6850 元/生·学年
广东,2026,物理,本科批,华南理工大学,化学工程与工艺（“化学工程与工艺+大数据管理与应用”双学士学位复合型人才培养项目）,3,化学工程与工艺（“化学工程与工艺+大数据管理与应用”双学士学位复合型人才培养项目）,18,物理+化学,物理|化学,,,,6060,4,,0,0,0,官方招生计划查询：https://admission.scut.edu.cn/30820/list.htm;查询范围：广东 / 2026 / 理工/物理类 / 普通类;学费依据：https://admission.scut.edu.cn/2026/0528/c30824a628133/page.htm;文科类专业收费标准按 6060 元/生·学年记录
广东,2026,物理,本科批,华南理工大学,计算机类（含计算机科学与技术、信息安全）,4,计算机类（含计算机科学与技术、信息安全）,187,物理+化学,物理|化学,,,,6850,4,,0,0,0,官方招生计划查询：https://admission.scut.edu.cn/30820/list.htm;查询范围：广东 / 2026 / 理工/物理类 / 普通类;学费依据：https://admission.scut.edu.cn/2026/0528/c30824a628133/page.htm;理工外语体育类专业收费标准为 6850 元/生·学年
广东,2026,物理,本科批,华南理工大学,电子科学与技术,4,电子科学与技术,63,物理+化学,物理|化学,,,,6850,4,,0,0,0,官方招生计划查询：https://admission.scut.edu.cn/30820/list.htm;查询范围：广东 / 2026 / 理工/物理类 / 普通类;学费依据：https://admission.scut.edu.cn/2026/0528/c30824a628133/page.htm;理工外语体育类专业收费标准为 6850 元/生·学年
广东,2026,物理,本科批,华南理工大学,数学类（含数学与应用数学、信息与计算科学、统计学）,4,数学类（含数学与应用数学、信息与计算科学、统计学）,136,物理+化学,物理|化学,,,,6850,4,,0,0,0,官方招生计划查询：https://admission.scut.edu.cn/30820/list.htm;查询范围：广东 / 2026 / 理工/物理类 / 普通类;学费依据：https://admission.scut.edu.cn/2026/0528/c30824a628133/page.htm;理工外语体育类专业收费标准为 6850 元/生·学年
广东,2026,物理,本科批,华南理工大学,工科试验班（智能装备与先进制造）（含机械工程、机械电子工程、智能车辆工程、工业设计）,4,工科试验班（智能装备与先进制造）（含机械工程、机械电子工程、智能车辆工程、工业设计）,372,物理+化学,物理|化学,,,,6850,4,,0,0,0,官方招生计划查询：https://admission.scut.edu.cn/30820/list.htm;查询范围：广东 / 2026 / 理工/物理类 / 普通类;学费依据：https://admission.scut.edu.cn/2026/0528/c30824a628133/page.htm;理工外语体育类专业收费标准为 6850 元/生·学年
广东,2026,物理,本科批,华南理工大学,经济学（创新班）,5,经济学（创新班）,4,物理+不限,物理,,,,6060,4,,0,0,0,官方招生计划查询：https://admission.scut.edu.cn/30820/list.htm;查询范围：广东 / 2026 / 理工/物理类 / 普通类;学费依据：https://admission.scut.edu.cn/2026/0528/c30824a628133/page.htm;文科类专业收费标准按 6060 元/生·学年记录
广东,2026,物理,本科批,华南理工大学,法学（卓越法律班）,5,法学（卓越法律班）,5,物理+不限,物理,,,,6060,4,,0,0,0,官方招生计划查询：https://admission.scut.edu.cn/30820/list.htm;查询范围：广东 / 2026 / 理工/物理类 / 普通类;学费依据：https://admission.scut.edu.cn/2026/0528/c30824a628133/page.htm;文科类专业收费标准按 6060 元/生·学年记录
广东,2026,物理,本科批,华南理工大学,大数据管理与应用,5,大数据管理与应用,26,物理+不限,物理,,,,6060,4,,0,0,0,官方招生计划查询：https://admission.scut.edu.cn/30820/list.htm;查询范围：广东 / 2026 / 理工/物理类 / 普通类;学费依据：https://admission.scut.edu.cn/2026/0528/c30824a628133/page.htm;文科类专业收费标准按 6060 元/生·学年记录
广东,2026,物理,本科批,华南理工大学,工业设计（中外合作办学）,6,工业设计（中外合作办学）,10,物理+化学,物理|化学,,,,68000,4,,0,1,0,官方招生计划查询：https://admission.scut.edu.cn/30820/list.htm;查询范围：广东 / 2026 / 理工/物理类 / 普通类;学费依据：https://admission.scut.edu.cn/2026/0528/c30824a628133/page.htm;中外合作办学专业收费标准为 68000 元/生·学年
